"Marca temporal","¿Los conceptos presentados en clase son claros?","¿Como es el ritmo de los temas presentados?","¿Los tiempos de descanso te parecen?","El material proporcionado te parece ","Los ejercicios en clase te parecen","La dificultad del curso te parece","¿Necesitas apoyo adicional para entender los temas?","Las clases te parecen","Cual es tu opinión respecto al curso y profesores"
"2021/07/16 1:02:49 p. m. GMT-5","Sí","Adecuados","Adecuados","Adecuado","Adecuados","Adecuada","No","Adecuadas","Excelente"
"2021/07/16 1:02:59 p. m. GMT-5","Sí","Adecuados","Adecuados","Poca Información","Adecuados","Adecuada","No","Estimulantes","Me parecería bueno que las presentaciones tuvieran más información para poder estudiar lo mayor posible "
"2021/07/16 1:03:21 p. m. GMT-5","Sí","Adecuados","Adecuados","Mucha información","Adecuados","Adecuada","No","Estimulantes","Me gusta mucho el ritmo que llevan, de igual forma en cómo te explican cada detalle del código."
"2021/07/16 1:03:32 p. m. GMT-5","Sí","Adecuados","Rapidos","Adecuado","Adecuados","Adecuada","Si","Adecuadas","En los exámenes no me gustaría que tener que competir por ver quien contesta mas rápido, obviamente no tener un tiempo indefinido en las preguntas,  pero si tener un tiempo adecuado y que se tome un valor por igual y no por quien conteste mas rápido."
"2021/07/16 1:03:36 p. m. GMT-5","Sí","Adecuados","Adecuados","Adecuado","Adecuados","Adecuada","No","Estimulantes","Explican de manera clara, tienen mucha paciencia, además el material, junto con las tareas y ejercicios es el adecuado"
"2021/07/16 1:04:08 p. m. GMT-5","Sí","Adecuados","Lentos","Adecuado","Pocos","Adecuada","No","Estimulantes","Me parece una muy buena idea reforzar los conocimientos adquiridos en la carrera y así  adentrarse bien capacitados al ámbito laboral"
"2021/07/16 1:04:13 p. m. GMT-5","Sí","Adecuados","Rapidos","Adecuado","Adecuados","Adecuada","Si","Adecuadas","Muy buen curso enseñan justo lo que debemos de aprender para poder trabajar, me gustaria un brake mas grande para poder desayunar o algo o saber si podemos comer mientras estamos en clase  "
"2021/07/16 1:04:15 p. m. GMT-5","Sí","Adecuados","Rapidos","Adecuado","Adecuados","Adecuada","No","Estimulantes","En mi opinion creo que nos estan capacitando adecuadamente, siento que estoy aprendiendo mas en una semana que lo que aprendi en un mes en la universidad, quiero felicitar al coach yannik gonzales la verdad es muy paciente con todos y nos explica a detalle todo. El profe jhon tambien considero es un buen coach solo que algunos temas siento los explico algo rapido, pero sigue siendo entendible"
"2021/07/16 1:05:00 p. m. GMT-5","Sí","Rápidos","Adecuados","Adecuado","Pocos","Adecuada","Si","Adecuadas","Son muy buenos, se ve que tienen muy buen dominio de los temas. Al menos a mi me ayudaría hacer más ejercicios y tal vez un ejercicio por nuestra cuenta cada par de días que abarque los temas vistos."
"2021/07/16 1:05:35 p. m. GMT-5","Sí","Adecuados","Rapidos","Adecuado","Muchos","Adecuada","Si","Adecuadas","El curso va un poco rapido pero la forma en que los profesores explican no me parece mala. Seria bueno dar un poco mas de actividades practicas"
"2021/07/16 1:06:15 p. m. GMT-5","Sí","Adecuados","Rapidos","Poca Información","Pocos","Adecuada","No","Aburridas","En mi caso que ya habia llevado java en la universidad, esto es mas como un repaso para mi, sin embargo aprendi cosas que no sabia, lo que si es que estaria bien practicar, siento que es lo que hace falta, me parece bien el sentar las bases y tener presentes los conceptos, pero bueno, creo que lo que nos hara falta es un ejemplo de como vamos a estar en una situación frente un cliente, quiza esto podria ser mas delante, pero por ahora para que mis compañeros se pongan a la par me parece que va excelente el curso, quiza solo Jhon el primer dia se fue muy rapido con todo pero ya despues todo bien. 
Maestros 10/10 "
"2021/07/16 1:06:21 p. m. GMT-5","Sí","Adecuados","Rapidos","Adecuado","Adecuados","Media","No","Estimulantes","Me agradan los temas impartidos y el ritmo en el curso, además los profesores explican bien, lo que no me agrada es la forma de los quizzes en Kahoot, por la metodología que usa kahoot de respuestas contra reloj y me gustaría alguna otra forma de evaluar, en general bien."
"2021/07/16 1:07:33 p. m. GMT-5","Sí","Adecuados","Adecuados","Adecuado","Adecuados","Media","Si","Adecuadas","Siento que es muy bueno el curso, muy claros y pacientes los profesores. Lo que se me dificulta y me pierdo es por fallas del internet y que inicié un poco tarde con mi equipo, para poder ir prácticando a la par y poder sacar mis dudas en el momento. "
"2021/07/16 1:07:51 p. m. GMT-5","Sí","Adecuados","Adecuados","Adecuado","Pocos","Media","No","Adecuadas","El curso me parece adecuado en general, sin embargo, estaría bien que nosotros hicieramos pequeños ejercicios como tareas porque ahi es cuando uno empieza a interactuar con el código y surgen las dudas para que en la siguiente clase sean respondidas. Además, siento que John a veces va un poco rapido y hay compañeros que a lo mejor no están familiarizados con Java por lo que empieza a mezclar temas más avanzados en código y es cuando uno se pierde."
"2021/07/16 1:09:26 p. m. GMT-5","Sí","Adecuados","Adecuados","Adecuado","Adecuados","Adecuada","No","Estimulantes","Me parece adecuado los recursos y las explicaciones que nos proporcionan, además siempre están dispuestos a aclarar cualquier duda."
"2021/07/16 1:10:40 p. m. GMT-5","Sí","Rápidos","Rapidos","Poca Información","Pocos","Alta","Si","Aburridas","En lo personal aprendo mejor con libros o referencias escritas y escribiendo código. Mi clase ideal sería que los maestros hablen la mitad del tiempo y la otra mitad yo escriba código en silencio refiriendome a notas o material escrito. En el caso de las presentaciones de power point me parece que fallan en este aspecto porque muchas diapositivas no brindan como tal la información sino que son solo flascards o una especie de índice de temas. Entiendo que solo es apoyo para dar la clase pero estaría bien acompañar las presentaciones de algun PDF e ir usando ambos. "
"2021/07/16 1:11:27 p. m. GMT-5","No","Rápidos","Rapidos","Adecuado","Pocos","Adecuada","Si","Adecuadas","Es un buen curso, pero me gustaría tener un descanso cada hora y media de unos 10 minutos para poder asimilar mejor la información. También considero que hay temas a reforzar ya que el primer día de clase se abordaron muchos temas y algunos de manera muy superficial. Además, ha habido una mezcla de temas y presentaciones porque cada entrenador lleva su línea de contenidos. El miércoles a las 9am sucedió que se hicieron muchos ejercicios de clases, atributos y métodos y a las 12pm se estudió qué era una clase, qué un atributo y cómo se manejan. Me parece que los dos entrenadores son muy buenos y tienen mucha disposición, y creo que por ser el inicio del curso ha habido esta confusión de contenidos y de orden. Pero sí me gustaría que se estructura un poco más los contenidos. Así mismo hacer más ejercicios ( de manera individual )  para poder practicar y empezar a desarrollar conceptos y procesos :)."
"2021/07/16 1:12:02 p. m. GMT-5","Sí","Adecuados","Adecuados","Adecuado","Adecuados","Adecuada","Si","Estimulantes","Me agradaría que cuando se explique un tema, hacer un pequeño ejercicio para poder analizar dicho tema."
"2021/07/16 1:12:25 p. m. GMT-5","Sí","Adecuados","Adecuados","Adecuado","Adecuados","Adecuada","Si","Adecuadas","Es muy interesante y reconfortable adquirir toda la información del curso y los profesores son muy pacientes y atente a cualquier duda que tengamos.
En lo particular me está costando un poco de trabajo en cuanto a los temas, pero nada es imposible. "
"2021/07/16 1:12:53 p. m. GMT-5","Sí","Rápidos","Adecuados","Poca Información","Adecuados","Media","Si","Estimulantes","Bien en general, me gustaría que los que estamos mas atrasados nos den algún consejo o tip de que información nos puede servir o como podemos ir mejorardo"
"2021/07/16 1:15:57 p. m. GMT-5","Sí","Adecuados","Adecuados","Adecuado","Adecuados","Adecuada","Si","Estimulantes","Todo me parece bien"
"2021/07/16 1:18:26 p. m. GMT-5","Tal vez","Rápidos","Lentos","Mucha información","Muchos","Alta","Si","Adecuadas","Muy bien. Miren, me emociona mucho aprender cosas nuevas, esta padre, ya le voy agarrando el hilo, peroooooo. Mi perfil es Ingeniería en Administración no tengo conocimientos en nada, ni en programar, ni en como utilizar los programas ni nada. Está semana se me hizo dificil, no comprendia nada de lo que me hablaban. Si me pudieran apoyar con Informacion basica que me pueda ayuar en algo, se los agradeceria mucho, si no pues veo como le hago para ir alineada. 
Y pues a la hora de explicarnos pues, no con manzanitas claro pero si un poquito mas lento.
Gracias :) "
"2021/07/16 1:24:06 p. m. GMT-5","Sí","Rápidos","Adecuados","Adecuado","Adecuados","Adecuada","Si","Adecuadas","Me parece un curso muy veloz pero eficaz"
"2021/07/27 12:04:08 p. m. GMT-5","Sí","Adecuados","Adecuados","Adecuado","Adecuados","Media","Si","Adecuadas","Muy bien preparado y explicado"
"2021/07/27 12:04:21 p. m. GMT-5","Sí","Adecuados","Rapidos","Adecuado","Pocos","Adecuada","Si","Estimulantes","Muy buenos cursos y profesores, lo único a mejorar es dar descansos cada hora y media porque 3 horas seguidas de contenido es mucho y siento que terminamos atrasandonos más que si se dieran 10 minutitos de descanso entre cada sesión de 1h y 30 min."
"2021/07/27 12:04:25 p. m. GMT-5","No","Adecuados","Adecuados","Adecuado","Adecuados","Media","Si","Adecuadas","Todo bien"
"2021/07/27 12:04:28 p. m. GMT-5","Sí","Adecuados","Adecuados","Mucha información","Adecuados","Adecuada","Si","Adecuadas","Me parece que en general los profesores tienen paciencia y disposición para enseñar , al igual que conocimiento. "
"2021/07/27 12:04:42 p. m. GMT-5","Sí","Adecuados","Adecuados","Adecuado","Adecuados","Adecuada","No","Adecuadas","Excelentes"
"2021/07/27 12:04:47 p. m. GMT-5","Sí","Adecuados","Adecuados","Adecuado","Adecuados","Adecuada","No","Adecuadas","Muy buen curso me siento motivada"
"2021/07/27 12:05:02 p. m. GMT-5","Sí","Adecuados","Rapidos","Adecuado","Adecuados","Media","Si","Adecuadas","Muy bueno con grandes profesores y buenas herramientas aunq un poco disparejo en el sentido de que algunos ya saben mucho y los otros menos por lo que siento que cada uno agarra su ritmo"
"2021/07/27 12:05:08 p. m. GMT-5","Sí","Adecuados","Rapidos","Adecuado","Adecuados","Adecuada","No","Estimulantes","Me parece muy bien su forma de enseñar de cada profesor, pues se aseguran que todos vayamos entendiendo al mismo paso y no quedarnos atras."
"2021/07/27 12:05:31 p. m. GMT-5","Tal vez","Rápidos","Rapidos","Adecuado","Adecuados","Adecuada","No","Estimulantes","Me gusta el curso, los instructores enseñan bien, solo que no me agrada la forma de evaluar en Kahoot y me gustaría alguna otra forma de evaluar."
"2021/07/27 12:05:34 p. m. GMT-5","Sí","Adecuados","Adecuados","Poca Información","Adecuados","Adecuada","No","Estimulantes","En lo personal me ha gustado, los profesores dan temas y ejercicios muy claros"
"2021/07/27 12:05:38 p. m. GMT-5","Sí","Adecuados","Adecuados","Mucha información","Pocos","Media","Si","Adecuadas","Muy bienaprendo mucho "
"2021/07/27 12:05:47 p. m. GMT-5","Sí","Adecuados","Adecuados","Adecuado","Pocos","Adecuada","No","Estimulantes","Me gusta mucho la forma en que se imparten los temas, sin embargo, me gustaría que dejaran más actividades practicas. "
"2021/07/27 12:05:47 p. m. GMT-5","Sí","Adecuados","Adecuados","Poca Información","Adecuados","Media","No","Adecuadas","Bien preparados y un curso muy completo"
"2021/07/27 12:05:52 p. m. GMT-5","Sí","Adecuados","Adecuados","Adecuado","Adecuados","Adecuada","No","Estimulantes","El curso es una excelente forma para desarrollarnos y la manera en que estamos aprendiendo es interesante y estimulante, los ejercicios son adecuados, me gustaria que hubiera más de ellos. Los profesores tienen mucha paciencia y explican los temas con claridad"
"2021/07/27 12:06:02 p. m. GMT-5","Sí","Adecuados","Rapidos","Adecuado","Adecuados","Media","Si","Adecuadas","Muy bien, mis problemas surgen a causa del atraso por haber entrado hasta un viernes cuando el curso comenzó un lunes"
"2021/07/27 12:06:32 p. m. GMT-5","Sí","Adecuados","Adecuados","Adecuado","Adecuados","Adecuada","No","Adecuadas","Los temas tomados hasta el momento me parecen de manera adecuada, siempre se aclaran dudas de lo visto y se ayuda en donde nos atoramos, ademas me parece bien que se repita el tema hasta que quede entendido por los compañeros"
"2021/07/27 12:06:49 p. m. GMT-5","Sí","Adecuados","Adecuados","Adecuado","Adecuados","Adecuada","Si","Adecuadas","Con que ""necesito apoyo adicional para los temas"" es en casos en los que me quedan dudas, pero en general siento que voy mejor que la semana pasada. Los profesores son buenos explicando, a veces van muy rápido pero al decirles que si bajan el paso lo hacen según lo necesitemos para que nos quede claro, el cusro es interesante."
"2021/07/27 12:06:54 p. m. GMT-5","Sí","","Adecuados","Adecuado","Adecuados","Adecuada","No","Estimulantes","El curso bastante completo y se nota que los profesores saben acerca de los temas"
"2021/07/27 12:07:07 p. m. GMT-5","Sí","Adecuados","Adecuados","Adecuado","Adecuados","Adecuada","Si","Estimulantes","me parece perfecto, los impartidores siempre estan al pendiente de resolver las dudas y ayudarnos conlos problemas de nuestro codigo"
"2021/07/27 12:07:27 p. m. GMT-5","Sí","Adecuados","Lentos","Adecuado","Adecuados","Media","No","Estimulantes","Por ahora todo muy bien, alomejor el único pero que pondría que es dan descansos muy cortos, pero los profesores son atentos y responden cualquier duda por muy pequeña o minima que sea, ademas demuestran un gran dominio en sus temas"
"2021/07/27 12:07:35 p. m. GMT-5","Tal vez","Rápidos","Adecuados","Adecuado","Adecuados","Media","Si","Adecuadas","El curso es muy bueno y los profesores excelentes"
"2021/07/27 12:07:51 p. m. GMT-5","Sí","Adecuados","Adecuados","Adecuado","Adecuados","Media","Si","Adecuadas",""
"2021/07/27 12:07:54 p. m. GMT-5","Sí","Adecuados","Adecuados","Adecuado","Adecuados","Media","No","Adecuadas","En este segundo tema de POO me parecio que se tomaron más tiempo para explicar y eso sirvio de mucho para nosotros "
"2021/07/27 12:10:11 p. m. GMT-5","Sí","Rápidos","Rapidos","Poca Información","Pocos","Media","Si","Adecuadas","Me gustaría que fuera mitad tiempo de escucha, mitad tiempo de escribir codigo."
"2021/07/27 12:11:13 p. m. GMT-5","Sí","Adecuados","Adecuados","Adecuado","Adecuados","Adecuada","Si","Adecuadas","El curso es adecuado, los temas son entendibles aunque aun me cuesta un poco recordar ciertas cosas, los profesores siguen dando una buena capacitacion."
"2021/07/27 12:11:44 p. m. GMT-5","Sí","Adecuados","Adecuados","Adecuado","Adecuados","Adecuada","Si","Estimulantes","Por el momento no hay una crítica constructiva 
a los cursos, ni a los profesores, me parecen adecuados la enseñanza. "
"2021/07/27 12:16:00 p. m. GMT-5","","","","","","","","",""
"2021/07/27 12:28:45 p. m. GMT-5","Sí","Adecuados","Rapidos","Adecuado","Adecuados","Media","No","Adecuadas",""